{"type": "UWG", "#N": 8, "#calc_second_order": true, "#skipvalues": 16, "#warming_days": 24, "#sensitivity": "Sobol", "_setpointCool": 24, "_volheatROOF": 1000000, "_volheatWALL": 2780000, "_volheatMass": 1125000, "_thermalcondROOF": 0.585, "_thermalcondWALL": 0.429, "_thermalcondMASS": 0.492, "_qlight": 6.55, "_nocc": 0.0535, "_infil": 0.465, "_glazingratio": 0.27875, "_uvalue": 3.75, "_shgc": 0.5, "_cop": 2.75, "_albedoWall": 0.85, "_albedoRoof": 0.85, "_bldcooledPerc": 0.225, "#LCZ": {"translate": true, "filtering": true, "bld_sf": 50, "perv_sf": 5, "aspectratio": 3, "meanHeight": 26, "perc_treecover": 0.5}, "month": 7, "day": 19, "nday": 31, "dtsim": 300, "dtweather": 3600, "autosize": true, "sensocc": 100, "latfocc": 0.3, "radfocc": 0.2, "radfequip": 0.5, "radflight": 0.7, "h_ubl1": 750, "h_ubl2": 80, "h_ref": 150, "h_temp": 2, "h_wind": 10, "c_circ": 1.2, "c_exch": 0.3, "maxday": 200, "maxnight": 50, "windmin": 1, "h_obs": 0.1, "bldheight": 26, "h_mix": 1, "blddensity": 0.5, "vertohor": 2.485281374238571, "charlength": 1000, "albroad": 0.16, "droad": 0.5, "sensanth": 12.5, "zone": "1A", "grasscover": 0.025, "treecover": 0.025, "vegstart": 4, "vegend": 10, "albveg": 0.25, "rurvegcover": 0.15, "latgrss": 0.6, "lattree": 0.7, "schtraffic": [[0.0, 0.0, 0.0, 0.0, 0.0, 0.0, 0.2, 0.6, 0.8, 0.8, 0.6, 0.6, 0.6, 0.6, 0.6, 0.8, 1, 1, 0.8, 0.6, 0.4, 0.2, 0.2, 0.2], [0.2, 0.0, 0.0, 0.0, 0.0, 0.0, 0.0, 0.0, 0.2, 0.4, 0.4, 0.6, 0.6, 0.4, 0.2, 0.4, 0.4, 0.6, 0.6, 0.4, 0.4, 0.2, 0.2, 0.2], [0.2, 0.0, 0.0, 0.0, 0.0, 0.0, 0.0, 0.0, 0.0, 0.0, 0.2, 0.4, 0.4, 0.4, 0.2, 0.2, 0.4, 0.4, 0.4, 0.4, 0.2, 0.2, 0.2, 0.2]], "kroad": 1, "croad": 1600000, "bld": [["midriseapartment", "pre80", 0.225], ["midriseapartment", "pst80", 0.775]], "shgc": null, "albroof": null, "glzr": null, "vegroof": null, "albwall": null, "flr_h": null, "ref_sch_vector": [{"type": "SchDef", "elec": [[0.5, 0.5, 0.5, 0.5, 0.5, 0.5, 0.5, 0.7, 0.7, 0.5, 0.5, 0.6, 0.6, 0.6, 0.6, 0.5, 0.5, 0.7, 0.7, 0.8, 0.8, 0.8, 0.6, 0.6], [0.5, 0.5, 0.5, 0.5, 0.5, 0.5, 0.5, 0.7, 0.7, 0.5, 0.5, 0.6, 0.6, 0.6, 0.6, 0.5, 0.5, 0.7, 0.7, 0.8, 0.8, 0.8, 0.6, 0.6], [0.5, 0.5, 0.5, 0.5, 0.5, 0.5, 0.5, 0.7, 0.7, 0.5, 0.5, 0.6, 0.6, 0.6, 0.6, 0.5, 0.5, 0.7, 0.7, 0.8, 0.8, 0.8, 0.6, 0.6]], "gas": [[0, 0, 0, 0, 0, 0, 0, 0, 0, 0, 0, 0, 0, 0, 0, 0, 0, 0, 0, 0, 0, 0, 0, 0], [0, 0, 0, 0, 0, 0, 0, 0, 0, 0, 0, 0, 0, 0, 0, 0, 0, 0, 0, 0, 0, 0, 0, 0], [0, 0, 0, 0, 0, 0, 0, 0, 0, 0, 0, 0, 0, 0, 0, 0, 0, 0, 0, 0, 0, 0, 0, 0]], "light": [[0.0, 0.0, 0.0, 0.0, 0.0, 0.0, 0.15, 0.15, 0.15, 0.05, 0.05, 0.05, 0.05, 0.05, 0.05, 0.05, 0.2, 0.2, 0.2, 0.2, 0.2, 0.2, 0.15, 0.15], [0.0, 0.0, 0.0, 0.0, 0.0, 0.0, 0.15, 0.15, 0.15, 0.05, 0.05, 0.05, 0.05, 0.05, 0.05, 0.05, 0.2, 0.2, 0.2, 0.2, 0.2, 0.2, 0.15, 0.15], [0.0, 0.0, 0.0, 0.0, 0.0, 0.0, 0.15, 0.15, 0.15, 0.05, 0.05, 0.05, 0.05, 0.05, 0.05, 0.05, 0.2, 0.2, 0.2, 0.2, 0.2, 0.2, 0.15, 0.15]], "occ": [[1, 1, 1, 1, 1, 1, 0.75, 0.75, 0.75, 0.55, 0.55, 0.55, 0.55, 0.6, 0.6, 0.6, 0.75, 0.75, 0.75, 0.9, 0.9, 0.9, 1, 1], [1, 1, 1, 1, 1, 1, 0.9, 0.9, 0.9, 0.9, 0.9, 0.9, 0.9, 0.9, 0.9, 0.9, 0.9, 0.9, 0.9, 0.9, 0.9, 0.9, 1, 1], [1, 1, 1, 1, 1, 1, 0.9, 0.9, 0.9, 0.9, 0.9, 0.9, 0.9, 0.9, 0.9, 0.9, 0.9, 0.9, 0.9, 0.9, 0.9, 0.9, 1, 1]], "cool": [[50, 50, 50, 50, 50, 50, 50, 50, 50, 50, 24, 24, 24, 24, 24, 24, 24, 24, 24, 24, 24, 24, 50, 50], [50, 50, 50, 50, 50, 50, 50, 50, 50, 50, 24, 24, 24, 24, 24, 24, 24, 24, 24, 24, 24, 24, 50, 50], [50, 50, 50, 50, 50, 50, 50, 50, 50, 50, 24, 24, 24, 24, 24, 24, 24, 24, 24, 24, 24, 24, 50, 50]], "heat": [[-50, -50, -50, -50, -50, -50, -50, -50, -50, -50, -50, -50, -50, -50, -50, -50, -50, -50, -50, -50, -50, -50, -50, -50], [-50, -50, -50, -50, -50, -50, -50, -50, -50, -50, -50, -50, -50, -50, -50, -50, -50, -50, -50, -50, -50, -50, -50, -50], [-50, -50, -50, -50, -50, -50, -50, -50, -50, -50, -50, -50, -50, -50, -50, -50, -50, -50, -50, -50, -50, -50, -50, -50]], "swh": [[0, 0, 0, 0, 0, 0, 0, 0, 0, 0, 0, 0, 0, 0, 0, 0, 0, 0, 0, 0, 0, 0, 0, 0], [0, 0, 0, 0, 0, 0, 0, 0, 0, 0, 0, 0, 0, 0, 0, 0, 0, 0, 0, 0, 0, 0, 0, 0], [0, 0, 0, 0, 0, 0, 0, 0, 0, 0, 0, 0, 0, 0, 0, 0, 0, 0, 0, 0, 0, 0, 0, 0]], "q_elec": 3, "q_gas": 0, "q_light": 6.55, "n_occ": 0.0535, "vent": 0, "v_swh": 0, "bldtype": "midriseapartment", "builtera": "pre80"}, {"type": "SchDef", "elec": [[0.5, 0.5, 0.5, 0.5, 0.5, 0.5, 0.5, 0.7, 0.7, 0.5, 0.5, 0.6, 0.6, 0.6, 0.6, 0.5, 0.5, 0.7, 0.7, 0.8, 0.8, 0.8, 0.6, 0.6], [0.5, 0.5, 0.5, 0.5, 0.5, 0.5, 0.5, 0.7, 0.7, 0.5, 0.5, 0.6, 0.6, 0.6, 0.6, 0.5, 0.5, 0.7, 0.7, 0.8, 0.8, 0.8, 0.6, 0.6], [0.5, 0.5, 0.5, 0.5, 0.5, 0.5, 0.5, 0.7, 0.7, 0.5, 0.5, 0.6, 0.6, 0.6, 0.6, 0.5, 0.5, 0.7, 0.7, 0.8, 0.8, 0.8, 0.6, 0.6]], "gas": [[0, 0, 0, 0, 0, 0, 0, 0, 0, 0, 0, 0, 0, 0, 0, 0, 0, 0, 0, 0, 0, 0, 0, 0], [0, 0, 0, 0, 0, 0, 0, 0, 0, 0, 0, 0, 0, 0, 0, 0, 0, 0, 0, 0, 0, 0, 0, 0], [0, 0, 0, 0, 0, 0, 0, 0, 0, 0, 0, 0, 0, 0, 0, 0, 0, 0, 0, 0, 0, 0, 0, 0]], "light": [[0.0, 0.0, 0.0, 0.0, 0.0, 0.0, 0.15, 0.15, 0.15, 0.05, 0.05, 0.05, 0.05, 0.05, 0.05, 0.05, 0.2, 0.2, 0.2, 0.2, 0.2, 0.2, 0.15, 0.15], [0.0, 0.0, 0.0, 0.0, 0.0, 0.0, 0.15, 0.15, 0.15, 0.05, 0.05, 0.05, 0.05, 0.05, 0.05, 0.05, 0.2, 0.2, 0.2, 0.2, 0.2, 0.2, 0.15, 0.15], [0.0, 0.0, 0.0, 0.0, 0.0, 0.0, 0.15, 0.15, 0.15, 0.05, 0.05, 0.05, 0.05, 0.05, 0.05, 0.05, 0.2, 0.2, 0.2, 0.2, 0.2, 0.2, 0.15, 0.15]], "occ": [[1, 1, 1, 1, 1, 1, 0.75, 0.75, 0.75, 0.55, 0.55, 0.55, 0.55, 0.6, 0.6, 0.6, 0.75, 0.75, 0.75, 0.9, 0.9, 0.9, 1, 1], [1, 1, 1, 1, 1, 1, 0.9, 0.9, 0.9, 0.9, 0.9, 0.9, 0.9, 0.9, 0.9, 0.9, 0.9, 0.9, 0.9, 0.9, 0.9, 0.9, 1, 1], [1, 1, 1, 1, 1, 1, 0.9, 0.9, 0.9, 0.9, 0.9, 0.9, 0.9, 0.9, 0.9, 0.9, 0.9, 0.9, 0.9, 0.9, 0.9, 0.9, 1, 1]], "cool": [[50, 50, 50, 50, 50, 50, 50, 50, 50, 50, 50, 50, 50, 50, 50, 50, 50, 50, 50, 50, 50, 50, 50, 50], [50, 50, 50, 50, 50, 50, 50, 50, 50, 50, 50, 50, 50, 50, 50, 50, 50, 50, 50, 50, 50, 50, 50, 50], [50, 50, 50, 50, 50, 50, 50, 50, 50, 50, 50, 50, 50, 50, 50, 50, 50, 50, 50, 50, 50, 50, 50, 50]], "heat": [[-50, -50, -50, -50, -50, -50, -50, -50, -50, -50, -50, -50, -50, -50, -50, -50, -50, -50, -50, -50, -50, -50, -50, -50], [-50, -50, -50, -50, -50, -50, -50, -50, -50, -50, -50, -50, -50, -50, -50, -50, -50, -50, -50, -50, -50, -50, -50, -50], [-50, -50, -50, -50, -50, -50, -50, -50, -50, -50, -50, -50, -50, -50, -50, -50, -50, -50, -50, -50, -50, -50, -50, -50]], "swh": [[0, 0, 0, 0, 0, 0, 0, 0, 0, 0, 0, 0, 0, 0, 0, 0, 0, 0, 0, 0, 0, 0, 0, 0], [0, 0, 0, 0, 0, 0, 0, 0, 0, 0, 0, 0, 0, 0, 0, 0, 0, 0, 0, 0, 0, 0, 0, 0], [0, 0, 0, 0, 0, 0, 0, 0, 0, 0, 0, 0, 0, 0, 0, 0, 0, 0, 0, 0, 0, 0, 0, 0]], "q_elec": 3, "q_gas": 0, "q_light": 6.55, "n_occ": 0.0535, "vent": 0, "v_swh": 0, "bldtype": "midriseapartment", "builtera": "pst80"}], "ref_bem_vector": [{"type": "BEMDef", "building": {"type": "Building", "floor_height": 3, "int_heat_night": 1, "int_heat_day": 1, "int_heat_frad": 0.1, "int_heat_flat": 0.1, "infil": 0.465, "vent": 0, "glazing_ratio": 0.27875, "u_value": 3.75, "shgc": 0.5, "condtype": "AIR", "cop": 2.75, "coolcap": 100, "heateff": 0.8, "initial_temp": 293}, "mass": {"type": "Element", "albedo": 0.2, "emissivity": 0.93, "layer_thickness_lst": [0.15, 0.15], "material_lst": [{"type": "Material", "name": "hollow briks", "thermalcond": 0.492, "volheat": 1125000}, {"type": "Material", "name": "hollow briks", "thermalcond": 0.492, "volheat": 1125000}], "vegcoverage": 0, "t_init": 293, "horizontal": true, "name": "floor"}, "wall": {"type": "Element", "albedo": 0.85, "emissivity": 0.93, "layer_thickness_lst": [0.15, 0.15], "material_lst": [{"type": "Material", "name": "masonry", "thermalcond": 0.429, "volheat": 2780000}, {"type": "Material", "name": "masonry", "thermalcond": 0.429, "volheat": 2780000}], "vegcoverage": 0, "t_init": 293, "horizontal": false, "name": "brickwall"}, "roof": {"type": "Element", "HBR": false, "to_UCM": 0, "albedo": 0.85, "emissivity": 0.93, "layer_thickness_lst": [0.15, 0.15], "material_lst": [{"type": "Material", "name": "reinforced brick", "thermalcond": 0.585,